<?xml version="1.0" encoding="utf-8"?>
<openerp>
    <data>

        <record id="base.user_root" model="res.users">
            <field name="groups_id" eval="[(4, ref('analytic.group_analytic_accounting'))]"/>
        </record>

        <record id="analytic_distribution_comp_rule" model="ir.rule">
            <field name="name">Analytic distribution multi company rule</field>
            <field name="model_id" ref="model_account_analytic_distribution"/>
            <field eval="True" name="global"/>
            <field name="domain_force">['|',('analytic_account_id.company_id','=',False),('analytic_account_id.company_id','child_of',[user.company_id.id])]</field>
        </record>

    </data>
</openerp>
