id,name,model_id:id,group_id:id,perm_read,perm_write,perm_create,perm_unlink
access_account_analytic_distribution,account.analytic.distribution,model_account_analytic_distribution,account.group_account_user,1,1,1,1
access_account_analytic_distribution_group_user,account.analytic.distribution,model_account_analytic_distribution,base.group_user,1,1,1,0
access_account_analytic_axis,account.analytic.axis,model_account_analytic_axis,account.group_account_user,1,1,1,1
access_account_analytic_axis_group_user,account.analytic.axis,model_account_analytic_axis,base.group_user,1,0,0,0
