<?xml version="1.0"?>
<odoo noupdate="1">

    <!-- Allow user to make upgrade-proof customizations to email template -->
    <record id="email_template_new_draft_need_approval" model="mail.template">
        <field name="name">Automated new draft need approval Notification Mail</field>
        <field name="email_from">${object.create_uid.company_id.email or 'noreply@localhost.com'}</field>
        <field name="subject">New version of "${object.page_id.name}" to approve</field>
        <field name="email_to">${object.get_approvers_email}</field>
        <field name="model_id" ref="model_document_page_history"/>
        <field name="auto_delete" eval="True"/>
        <field name="lang">${object.create_uid.partner_id.lang}</field>
        <field name="body_html">
            <![CDATA[
<p>Hello,</p>

<p>The page "${object.page_id.name}" has been modified and need your approval.</p>

<p>You can review the new version here : <a href="${object.get_page_url}">${object.get_page_url}</a></p>

<p>Have a great day.<br/>
--<br/>
Odoo</p>]]>
        </field>
    </record>

</odoo>
